,Precision,Recall,F1 Score,AUC,mAP@0.5,mAP@0.5:0.95,Testing Time (s)
Baseline on Original,0.8298919783179484,0.7040964103704542,0.7618362267116161,0.9287066718385399,0.7666958235353034,0.45966743116085135,2.9443228244781494
Robust on Original,0.8633350214517853,0.738876057096327,0.7962715838683583,0.9360746091515323,0.797509995280373,0.4779130586535727,1.3177909851074219
Baseline on Mild,0.6550002352488666,0.31799442549968854,0.42813477177743803,0.6712775929808897,0.33990982097011185,0.2065545258449997,1.8369338512420654
Robust on Mild,0.8407186930529226,0.6739228462783777,0.7481367965014386,0.9154099868385583,0.7392979997787087,0.4182327491901826,1.4518508911132812
Baseline on Moderate,0.7254452334210161,0.26808529757866195,0.3914951684132151,0.6527375249902723,0.30461189257229665,0.18405384344063572,1.7823421955108643
Robust on Moderate,0.8136050560787743,0.6908505484961006,0.7472197883965513,0.9145198513330383,0.7354270805995058,0.4090361488980321,1.419447660446167
Baseline on Severe,0.7821441037871043,0.2811389414569837,0.4136079595909466,0.6711359458612206,0.3258606283856934,0.19605112299104557,2.0564818382263184
Robust on Severe,0.780584150959232,0.6625339162614196,0.7167306490766029,0.895029878546362,0.7119411944204739,0.3920572323085688,1.3997094631195068
